{"cameraMode":{"drawMode":0,"name":"Shaded","section":"Shading Mode"},"sceneLighting":true,"audioPlay":false,"sceneViewState":{"m_AlwaysRefresh":false,"showFog":true,"showSkybox":true,"showFlares":true,"showImageEffects":true,"showParticleSystems":true,"showVisualEffectGraphs":true,"m_FxEnabled":true},"in2DMode":false,"pivot":{"x":-279.6383361816406,"y":10.449185371398926,"z":-140.3740692138672},"rotation":{"x":-0.007897580973803997,"y":0.7694774270057678,"z":-0.009441480971872807,"w":-0.6385924220085144},"size":0.3431010842323303,"orthographic":false}